iteration,fittest,mean_fit,mean_links,max_links
0,139.979,140.676,6.0,13
1,138.965,140.61,5.0,15
2,138.965,140.609,5.0,13
3,138.84,140.471,4.0,15
4,138.84,140.458,5.0,13
5,138.824,140.323,6.0,22
6,138.668,140.208,6.0,21
7,138.668,140.247,6.0,21
8,138.49,140.378,6.0,21
9,138.49,140.402,8.0,22
10,138.49,140.222,7.0,21
11,138.49,140.474,7.0,25
12,138.401,140.436,5.0,21
13,138.401,140.244,4.0,21
14,138.401,140.274,5.0,23
15,138.39,139.955,8.0,23
16,137.893,139.847,9.0,34
17,137.893,140.102,9.0,51
18,137.878,140.085,11.0,52
19,137.878,140.302,10.0,32
20,137.682,140.226,9.0,27
21,137.682,140.282,10.0,34
22,137.682,140.225,10.0,47
23,137.682,140.088,12.0,31
24,136.173,140.042,11.0,43
25,136.173,140.1,13.0,63
26,136.173,140.068,15.0,85
27,136.173,140.287,10.0,45
28,136.173,139.951,10.0,43
29,135.377,139.821,11.0,49
30,134.792,139.264,15.0,67
31,134.792,138.641,23.0,63
32,134.792,139.263,23.0,69
33,134.792,139.526,19.0,67
34,134.792,inf,30.0,171
35,134.792,139.591,23.0,63
36,134.792,139.47,23.0,63
37,134.792,139.345,25.0,82
38,134.699,139.676,22.0,94
39,134.587,139.416,21.0,94
40,134.587,139.032,29.0,97
41,134.587,138.899,29.0,97
42,134.587,139.532,26.0,121
43,134.587,139.702,20.0,95
44,134.546,inf,25.0,176
45,134.546,139.233,26.0,63
46,134.388,139.167,26.0,63
47,134.388,139.515,22.0,85
48,134.388,139.22,29.0,85
49,134.388,139.259,37.0,125
50,134.365,139.091,36.0,121
51,134.365,139.136,29.0,121
52,134.365,138.962,32.0,121
53,134.365,139.302,29.0,121
54,134.093,inf,30.0,130
55,134.093,140.146,10.0,81
56,134.093,139.763,26.0,121
57,134.093,138.616,38.0,124
58,133.975,inf,45.0,148
59,133.975,140.541,6.0,121
60,133.705,137.944,69.0,121
61,133.685,inf,66.0,364
62,133.685,inf,86.0,202
63,133.685,inf,83.0,364
64,133.685,inf,91.0,202
65,133.685,inf,86.0,364
66,133.685,140.14,30.0,121
67,133.596,139.768,36.0,121
68,133.485,inf,52.0,202
69,133.485,140.549,6.0,121
70,133.485,inf,78.0,148
71,133.485,inf,72.0,130
72,133.485,139.885,30.0,121
73,133.485,139.661,32.0,121
74,133.485,139.617,40.0,121
75,133.485,139.398,48.0,121
76,133.485,139.395,58.0,121
77,133.485,inf,52.0,139
78,133.485,140.537,13.0,121
79,133.485,139.717,30.0,122
80,133.485,139.335,48.0,122
81,133.485,inf,40.0,130
82,133.485,138.943,30.0,121
83,133.485,139.009,29.0,121
84,133.313,139.342,25.0,121
85,133.313,139.771,28.0,124
86,133.313,139.307,32.0,124
87,133.313,inf,37.0,175
88,133.313,139.991,12.0,121
89,133.313,139.632,23.0,121
90,133.313,139.181,36.0,121
91,133.313,inf,65.0,202
92,133.313,inf,89.0,202
93,133.313,inf,93.0,283
94,133.313,inf,96.0,364
95,133.313,inf,91.0,175
96,133.313,inf,72.0,130
97,133.313,inf,92.0,148
98,133.313,inf,90.0,130
99,133.313,140.588,77.0,123
100,133.313,inf,55.0,202
101,133.313,inf,86.0,256
102,133.313,140.615,13.0,121
103,133.313,inf,23.0,148
104,133.313,140.598,10.0,121
105,133.313,139.983,20.0,121
106,133.313,inf,54.0,130
107,133.313,140.542,6.0,121
108,133.092,inf,72.0,364
109,133.092,139.784,36.0,121
110,133.092,140.096,29.0,121
111,133.092,139.977,29.0,121
112,133.092,inf,41.0,148
113,133.092,140.201,32.0,121
114,133.031,inf,45.0,148
115,133.031,inf,86.0,202
116,133.031,inf,76.0,130
117,133.031,inf,79.0,148
118,133.031,140.383,11.0,121
119,133.031,139.324,35.0,127
120,133.008,139.304,50.0,123
121,133.008,inf,46.0,283
122,133.008,140.443,22.0,121
123,133.008,inf,40.0,202
124,133.008,140.545,5.0,121
125,133.008,138.572,60.0,122
126,133.008,inf,62.0,364
127,133.008,140.619,6.0,121
128,133.008,138.967,51.0,121
129,133.008,inf,59.0,175
130,133.008,140.436,6.0,121
131,132.999,139.107,46.0,121
132,132.999,inf,48.0,148
133,132.999,140.489,6.0,121
134,132.999,inf,27.0,202
135,132.999,140.34,72.0,124
136,132.999,inf,59.0,202
137,132.999,inf,69.0,130
138,132.999,inf,74.0,175
139,132.999,140.421,30.0,121
140,132.999,inf,37.0,202
141,132.999,inf,95.0,139
142,132.999,139.116,76.0,124
143,132.999,inf,54.0,148
144,132.999,140.033,30.0,121
145,132.999,inf,37.0,283
146,132.999,inf,85.0,130
147,132.999,inf,78.0,364
148,132.999,inf,86.0,148
149,132.999,inf,92.0,283
150,132.999,inf,173.0,364
151,132.999,inf,137.0,405
152,132.999,inf,144.0,364
153,132.999,inf,83.0,301
154,132.999,inf,59.0,175
155,132.999,140.552,12.0,121
156,132.999,140.143,21.0,121
157,132.999,139.532,35.0,121
158,132.999,inf,47.0,148
159,132.999,140.267,17.0,121
160,132.999,inf,20.0,130
161,132.999,140.54,6.0,121
162,132.998,inf,54.0,364
163,132.998,138.988,33.0,121
164,132.998,139.407,35.0,121
165,132.998,139.492,31.0,121
166,132.998,inf,38.0,139
167,132.998,140.516,11.0,121
168,132.998,inf,70.0,283
169,132.998,138.937,34.0,121
170,132.998,139.371,38.0,121
171,132.998,139.22,35.0,124
172,132.998,139.429,35.0,121
173,132.998,inf,30.0,139
174,132.998,140.563,6.0,121
175,132.998,139.396,47.0,121
176,132.998,139.243,60.0,121
177,132.998,inf,50.0,139
178,132.998,139.029,76.0,122
179,132.998,138.877,60.0,124
180,132.961,138.91,58.0,124
181,132.961,inf,52.0,283
182,132.961,inf,76.0,139
183,132.961,inf,95.0,364
184,132.961,inf,81.0,283
185,132.961,140.539,4.0,121
186,132.918,inf,74.0,175
187,132.918,140.539,4.0,121
188,132.896,137.608,74.0,123
189,132.896,139.009,63.0,121
190,132.896,inf,60.0,364
191,132.896,inf,82.0,148
192,132.896,inf,87.0,175
193,132.896,inf,97.0,202
194,132.896,inf,90.0,283
195,132.896,139.013,34.0,121
196,132.896,inf,42.0,202
197,132.896,139.845,29.0,121
198,132.896,139.96,30.0,121
199,132.896,139.761,32.0,121
200,132.896,139.203,51.0,121
201,132.896,139.2,47.0,121
202,132.896,inf,42.0,243
203,132.896,140.225,27.0,121
204,132.896,inf,27.0,243
205,132.896,140.534,5.0,121
206,132.695,137.894,84.0,124
207,132.695,138.679,72.0,122
208,132.695,inf,66.0,175
209,132.695,inf,84.0,364
210,132.695,140.247,13.0,121
211,132.695,139.777,26.0,121
212,132.695,inf,47.0,202
213,132.695,inf,84.0,148
214,132.695,inf,77.0,130
215,132.695,inf,86.0,283
216,132.695,139.655,32.0,121
217,132.695,139.64,36.0,121
218,132.695,inf,37.0,139
219,132.695,inf,76.0,364
220,132.695,inf,129.0,445
221,132.695,inf,85.0,364
222,132.695,inf,85.0,367
223,132.695,140.532,6.0,121
224,132.695,inf,72.0,175
225,132.695,140.479,6.0,121
226,132.695,inf,54.0,202
227,132.695,inf,76.0,202
228,132.695,inf,79.0,148
229,132.695,139.817,29.0,121
230,132.695,139.813,24.0,121
231,132.695,139.643,28.0,121
232,132.695,139.269,33.0,121
233,132.695,139.586,30.0,121
234,132.695,139.775,34.0,122
235,132.695,inf,31.0,202
236,132.695,140.497,8.0,121
237,132.695,139.395,43.0,121
238,132.695,inf,66.0,364
239,132.695,139.831,13.0,121
240,132.662,139.457,23.0,121
241,132.662,inf,40.0,202
242,132.662,140.677,13.0,121
243,132.662,inf,49.0,139
244,132.662,inf,89.0,148
245,132.662,139.722,13.0,121
246,132.662,139.619,20.0,121
247,132.662,inf,38.0,283
248,132.662,140.538,13.0,121
249,132.662,138.561,57.0,121
250,132.662,139.098,69.0,127
251,132.662,inf,57.0,202
252,132.662,140.544,14.0,121
253,132.662,inf,67.0,175
254,132.662,138.401,90.0,123
255,132.662,139.003,65.0,123
256,132.662,inf,57.0,175
257,132.662,140.046,34.0,121
258,132.662,140.098,30.0,121
259,132.662,139.857,24.0,121
260,132.662,139.858,21.0,127
261,132.662,inf,28.0,148
262,132.662,140.502,12.0,121
263,132.655,139.007,54.0,122
264,132.655,138.552,58.0,121
265,132.655,138.668,52.0,127
266,132.655,138.869,45.0,122
267,132.655,139.172,45.0,121
268,132.655,139.416,43.0,127
269,132.655,139.161,45.0,127
270,132.655,inf,49.0,175
271,132.655,inf,66.0,193
272,132.655,140.544,23.0,121
273,132.644,138.738,53.0,121
274,132.644,138.765,50.0,121
275,132.644,inf,48.0,148
276,132.644,140.547,14.0,121
277,132.581,inf,68.0,130
278,132.581,140.537,6.0,121
279,132.581,137.882,81.0,127
280,132.581,138.211,67.0,123
281,132.581,inf,54.0,202
282,132.581,139.13,33.0,121
283,132.581,inf,39.0,148
284,132.581,139.09,33.0,121
285,132.581,139.038,35.0,121
286,132.581,139.396,29.0,124
287,132.581,139.922,21.0,121
288,132.581,139.629,22.0,121
289,132.581,138.825,33.0,121
290,132.581,inf,44.0,202
291,132.581,inf,74.0,139
292,132.581,140.681,30.0,121
293,132.581,140.104,34.0,121
294,132.581,139.515,43.0,121
295,132.581,139.16,49.0,127
296,132.581,138.931,57.0,127
297,132.581,inf,49.0,130
298,132.581,140.826,29.0,121
299,132.522,139.86,39.0,121
