iteration,fittest,mean_fit,mean_links,max_links
0,140.298,140.684,6.0,13
1,140.298,140.643,5.0,13
2,139.977,140.571,5.0,12
3,139.858,140.575,5.0,13
4,139.441,140.517,4.0,13
5,139.441,140.508,4.0,10
6,139.441,140.54,3.0,4
7,139.429,140.487,3.0,14
8,139.429,140.535,3.0,4
9,139.429,140.398,3.0,7
10,139.429,140.436,4.0,13
11,139.429,140.578,3.0,7
12,139.331,140.453,3.0,10
13,139.331,140.511,2.0,4
14,139.331,140.511,4.0,10
15,139.331,140.528,3.0,5
16,139.331,140.459,3.0,4
17,139.268,140.247,4.0,13
18,139.268,140.581,3.0,7
19,139.212,140.471,3.0,7
20,139.209,140.294,4.0,7
21,139.209,140.205,3.0,7
22,139.209,140.203,4.0,10
23,139.209,140.361,4.0,7
24,139.09,140.351,5.0,12
25,139.09,140.302,5.0,13
26,139.09,140.283,4.0,10
27,139.09,140.327,3.0,5
28,138.992,140.445,2.0,10
29,138.873,140.349,4.0,13
30,138.873,140.381,4.0,13
31,138.873,140.285,3.0,4
32,138.873,140.276,3.0,4
33,138.816,140.194,3.0,4
34,138.699,140.043,3.0,4
35,138.699,139.983,4.0,4
36,138.699,140.189,3.0,6
37,138.699,140.192,3.0,7
38,138.699,140.175,4.0,13
39,138.696,140.131,4.0,13
40,138.581,140.115,4.0,14
41,138.581,140.124,5.0,14
42,138.581,140.432,5.0,13
43,138.581,140.205,5.0,10
44,138.581,140.301,4.0,16
45,138.508,140.127,5.0,16
46,138.508,140.291,5.0,13
47,138.508,140.153,5.0,13
48,138.508,140.163,4.0,7
49,138.508,140.371,4.0,10
50,138.508,140.261,3.0,4
51,138.506,140.172,3.0,4
52,138.506,139.904,4.0,13
53,138.506,139.918,4.0,13
54,138.506,140.093,6.0,40
55,138.506,140.28,5.0,22
56,138.506,140.018,4.0,13
57,138.506,140.245,4.0,13
58,138.506,140.184,4.0,13
59,138.506,140.147,4.0,13
60,138.506,140.239,4.0,10
61,138.504,139.964,4.0,7
62,138.504,140.069,4.0,7
63,138.504,140.373,4.0,5
64,138.504,140.289,4.0,10
65,138.504,140.051,4.0,13
66,138.504,140.102,4.0,13
67,138.504,140.264,5.0,16
68,138.504,139.883,4.0,9
69,138.504,140.063,4.0,7
70,138.504,140.183,4.0,14
71,138.504,139.89,3.0,5
72,138.504,140.286,3.0,7
73,138.504,140.205,4.0,7
74,138.504,140.105,4.0,7
75,138.504,140.431,5.0,16
76,138.504,140.344,4.0,13
77,138.504,140.346,4.0,13
78,138.504,140.119,4.0,10
79,138.504,140.453,4.0,13
80,138.502,140.238,3.0,7
81,138.502,140.099,4.0,10
82,138.502,140.043,4.0,7
83,138.502,139.869,4.0,7
84,138.501,140.263,3.0,5
85,138.501,140.366,4.0,13
86,138.501,140.356,4.0,13
87,138.501,140.158,4.0,13
88,138.501,139.815,5.0,15
89,138.501,140.166,3.0,7
90,138.501,140.294,4.0,10
91,138.501,139.957,4.0,4
92,138.501,140.17,3.0,7
93,138.501,140.211,3.0,4
94,138.501,140.234,4.0,13
95,138.501,140.004,4.0,10
96,138.501,140.153,4.0,10
97,138.501,140.004,3.0,5
98,138.501,140.008,5.0,13
99,138.501,140.342,4.0,10
100,138.501,140.281,3.0,4
101,138.501,140.118,4.0,7
102,138.501,140.194,3.0,4
103,138.501,140.24,4.0,13
104,138.501,140.318,4.0,13
105,138.501,140.169,4.0,7
106,138.501,139.936,3.0,7
107,138.501,140.191,4.0,13
108,138.501,140.176,4.0,7
109,138.501,140.205,4.0,7
110,138.501,140.203,3.0,4
111,138.501,140.097,4.0,13
112,138.501,140.219,3.0,7
113,138.501,140.142,3.0,7
114,138.501,140.27,4.0,10
115,138.501,140.269,4.0,9
116,138.501,140.066,4.0,7
117,138.501,140.033,4.0,10
118,138.501,140.263,4.0,7
119,138.501,140.161,3.0,7
120,138.501,139.989,4.0,10
121,138.501,139.875,4.0,7
122,138.501,140.191,3.0,6
123,138.501,140.227,3.0,7
124,138.501,140.388,4.0,13
125,138.501,140.185,4.0,10
126,138.501,140.22,4.0,10
127,138.501,139.705,4.0,9
128,138.501,140.033,4.0,4
129,138.501,140.0,3.0,4
130,138.501,140.213,2.0,4
131,138.501,140.159,4.0,10
132,138.501,140.329,4.0,10
133,138.501,140.189,3.0,10
134,138.501,140.336,4.0,10
135,138.501,140.262,4.0,10
136,138.501,140.217,4.0,13
137,138.501,140.055,5.0,31
138,138.501,140.196,5.0,13
139,138.501,140.243,4.0,7
140,138.501,140.132,4.0,6
141,138.501,140.046,4.0,7
142,138.501,140.23,3.0,5
143,138.501,140.216,3.0,5
144,138.501,140.447,4.0,9
145,138.501,140.141,3.0,4
146,138.501,140.209,4.0,13
147,138.501,140.146,4.0,15
148,138.501,140.255,3.0,4
149,138.501,139.925,4.0,4
150,138.501,140.242,4.0,13
151,138.501,140.189,4.0,13
152,138.501,140.208,4.0,13
153,138.501,140.014,4.0,13
154,138.501,140.243,5.0,31
155,138.501,140.085,3.0,5
156,138.501,140.158,4.0,7
157,138.501,140.199,5.0,13
158,138.501,140.115,6.0,10
159,138.501,140.374,5.0,10
160,138.501,140.296,4.0,10
161,138.501,140.183,4.0,7
162,138.501,140.322,4.0,13
163,138.501,140.322,4.0,13
164,138.501,140.252,6.0,16
165,138.501,140.01,5.0,16
166,138.501,140.34,4.0,5
167,138.501,140.455,3.0,5
168,138.501,140.312,4.0,11
169,138.501,140.413,4.0,11
170,138.501,140.221,4.0,10
171,138.501,140.436,3.0,10
172,138.501,140.24,3.0,13
173,138.501,139.958,3.0,4
174,138.501,140.095,3.0,5
175,138.501,140.19,3.0,4
176,138.501,140.296,4.0,10
177,138.501,140.017,4.0,4
178,138.501,140.291,3.0,7
179,138.501,139.923,4.0,7
180,138.501,140.122,3.0,7
181,138.501,139.667,4.0,5
182,138.501,140.161,4.0,13
183,138.501,140.207,5.0,13
184,138.501,140.155,5.0,13
185,138.501,140.216,5.0,13
186,138.501,140.151,5.0,19
187,138.501,139.977,4.0,13
188,138.501,140.128,4.0,7
189,138.501,140.072,4.0,7
190,138.501,139.917,3.0,4
191,138.501,140.344,3.0,5
192,138.501,140.339,3.0,4
193,138.501,140.166,4.0,7
194,138.501,140.108,4.0,10
195,138.501,140.343,3.0,9
196,138.501,140.345,3.0,7
197,138.501,140.316,4.0,10
198,138.501,140.445,3.0,7
199,138.501,139.965,4.0,13
200,138.501,140.279,5.0,13
201,138.501,140.299,4.0,13
202,138.501,140.288,4.0,10
203,138.501,140.492,4.0,11
204,138.501,140.266,6.0,25
205,138.413,140.115,4.0,10
206,138.413,140.049,5.0,13
207,138.413,139.715,7.0,16
208,138.413,140.212,5.0,13
209,138.413,140.195,4.0,7
210,138.413,140.363,8.0,40
211,138.413,140.507,6.0,22
212,138.413,140.357,6.0,16
213,138.252,140.013,6.0,13
214,138.252,140.357,6.0,10
215,138.251,139.815,6.0,16
216,138.251,140.473,6.0,22
217,138.251,140.238,5.0,10
218,138.251,140.448,6.0,13
219,138.251,140.391,4.0,8
220,138.251,140.257,4.0,10
221,138.251,140.116,6.0,22
222,138.251,140.099,6.0,10
223,138.251,140.119,7.0,16
224,138.251,140.112,6.0,16
225,138.251,140.15,7.0,13
226,138.251,140.023,8.0,13
227,138.251,140.153,7.0,13
228,138.251,140.409,6.0,15
229,138.251,140.364,5.0,13
230,138.251,140.31,7.0,16
231,138.251,140.523,9.0,33
232,138.251,140.36,10.0,51
233,138.251,140.246,9.0,28
234,138.25,140.227,10.0,31
235,138.25,140.291,6.0,13
236,138.147,140.358,6.0,13
237,138.147,140.077,9.0,22
238,138.147,140.227,8.0,15
239,138.112,140.054,6.0,13
240,138.112,139.997,9.0,31
241,138.058,140.03,8.0,16
242,138.058,140.239,8.0,22
243,138.058,140.296,8.0,40
244,138.058,140.41,7.0,17
245,138.058,140.164,6.0,22
246,138.049,140.18,8.0,34
247,138.044,140.278,7.0,17
248,138.044,140.307,9.0,22
249,138.044,140.495,8.0,16
250,138.044,140.489,9.0,25
251,138.041,140.32,7.0,16
252,138.041,140.194,8.0,16
253,138.008,140.229,10.0,16
254,138.008,140.081,9.0,19
255,138.008,140.207,9.0,22
256,138.008,139.727,10.0,22
257,138.008,140.393,11.0,22
258,138.006,140.171,9.0,22
259,138.006,140.046,10.0,22
260,138.006,140.379,10.0,58
261,138.006,140.191,9.0,19
262,138.006,140.192,8.0,16
263,138.006,140.187,8.0,16
264,138.006,140.227,8.0,16
265,138.005,140.218,9.0,22
266,138.005,140.209,8.0,22
267,138.005,140.068,7.0,13
268,138.005,140.162,6.0,16
269,138.005,140.292,6.0,19
270,138.005,140.532,7.0,43
271,138.005,140.512,8.0,23
272,138.005,140.337,8.0,20
273,138.005,140.064,9.0,19
274,138.005,140.191,9.0,22
275,138.005,140.311,9.0,22
276,138.004,140.318,8.0,22
277,138.004,140.321,9.0,31
278,138.004,140.291,9.0,22
279,138.004,140.43,10.0,22
280,138.004,140.227,6.0,16
281,138.004,140.164,6.0,10
282,138.004,140.266,9.0,16
283,138.004,140.528,10.0,20
284,138.004,140.464,8.0,19
285,138.004,140.408,9.0,25
286,138.004,140.141,8.0,16
287,138.004,140.403,7.0,22
288,138.004,140.258,8.0,22
289,138.004,140.424,9.0,22
290,138.004,140.364,8.0,22
291,138.004,140.57,7.0,16
292,138.004,140.491,10.0,22
293,138.004,140.374,7.0,16
294,138.004,140.563,4.0,10
295,138.004,140.426,6.0,13
296,138.004,140.307,6.0,13
297,138.004,140.281,7.0,16
298,138.004,140.083,8.0,16
299,138.004,140.196,7.0,16
